Gene Name	Ensembl Gene ID	Known or Novel	Acinar	Alpha	Beta
AC005523.2	ENSG00000269604.1	Novel	Yes	No	No
AC051649.6	ENSG00000232987.1	Novel	Yes	No	No
C8orf33	ENSG00000182307.8	Novel	Yes	No	No
CAMLG	ENSG00000164615.3	Novel	Yes	No	No
DAPK2	ENSG00000035664.7	Novel	Yes	No	No
ELF5	ENSG00000135374.5	Novel	Yes	No	No
ETV6	ENSG00000139083.6	Novel	Yes	No	No
FAM96A	ENSG00000166797.6	Novel	Yes	No	No
FBP2	ENSG00000130957.4	Novel	Yes	No	No
FBXO7	ENSG00000100225.13	Novel	Yes	No	No
GRINA	ENSG00000178719.12	Novel	Yes	No	No
HKDC1	ENSG00000156510.11	Novel	Yes	No	No
MESP2	ENSG00000188095.3	Novel	Yes	No	No
PCNXL3	ENSG00000197136.4	Novel	Yes	No	No
RP11-445H22.4	ENSG00000244558.1	Novel	Yes	No	No
RP11-895M11.3	ENSG00000258798.1	Novel	Yes	No	No
RP3-402G11.26	ENSG00000273253.1	Novel	Yes	No	No
RTCB	ENSG00000100220.7	Novel	Yes	No	No
SELO	ENSG00000073169.9	Novel	Yes	No	No
SH3YL1	ENSG00000035115.17	Novel	Yes	No	No
TMEM110-MUSTN1	ENSG00000248592.3	Novel	Yes	No	No
WWP2	ENSG00000198373.8	Novel	Yes	No	No
ZNF252P-AS1	ENSG00000255559.1	Novel	Yes	No	No
ANPEP	ENSG00000166825.9	Known	Yes	No	No
CLDN7	ENSG00000181885.14	Known	Yes	No	No
MOV10L1	ENSG00000073146.11	Known	Yes	No	No
MYEOV	ENSG00000172927.3	Known	Yes	No	No
SLC22A3	ENSG00000146477.4	Known	Yes	No	No
TSPAN15	ENSG00000099282.5	Known	Yes	No	No
AC005197.2	ENSG00000269694.1	Novel	No	Yes	No
AC007386.4	ENSG00000232613.2	Novel	No	Yes	No
AC007880.1	ENSG00000234572.1	Novel	No	Yes	No
AC093323.1	ENSG00000268791.1	Novel	No	Yes	No
AF213884.2	ENSG00000260651.1	Novel	No	Yes	No
AP006621.8	ENSG00000255108.1	Novel	No	Yes	No
AP2A2	ENSG00000183020.9	Novel	No	Yes	No
BRSK2	ENSG00000174672.11	Novel	No	Yes	No
C20orf62	ENSG00000168746.6	Novel	No	Yes	No
C4orf50	ENSG00000181215.8	Novel	No	Yes	No
CAMKK1	ENSG00000004660.10	Novel	No	Yes	No
CD151	ENSG00000177697.13	Novel	No	Yes	No
CD19	ENSG00000177455.7	Novel	No	Yes	No
CTD-2089N3.1	ENSG00000250360.1	Novel	No	Yes	No
CTD-2288O8.1	ENSG00000248898.1	Novel	No	Yes	No
DUSP8	ENSG00000184545.6	Novel	No	Yes	No
EIF2B1	ENSG00000111361.8	Novel	No	Yes	No
FTSJ3	ENSG00000108592.12	Novel	No	Yes	No
GMEB2	ENSG00000101216.6	Novel	No	Yes	No
GTF2H3	ENSG00000111358.9	Novel	No	Yes	No
HES7	ENSG00000179111.4	Novel	No	Yes	No
HSPA4	ENSG00000170606.9	Novel	No	Yes	No
ITGAE	ENSG00000083457.7	Novel	No	Yes	No
KCNJ1	ENSG00000151704.11	Novel	No	Yes	No
KIF22	ENSG00000079616.8	Novel	No	Yes	No
KRTAP5-2	ENSG00000205867.2	Novel	No	Yes	No
ONECUT2	ENSG00000119547.5	Novel	No	Yes	No
P2RX1	ENSG00000108405.3	Novel	No	Yes	No
PACSIN1	ENSG00000124507.6	Novel	No	Yes	No
PRICKLE2-AS3	ENSG00000226017.2	Novel	No	Yes	No
PRSS42	ENSG00000178055.8	Novel	No	Yes	No
PRUNE	ENSG00000143363.11	Novel	No	Yes	No
PSMC5	ENSG00000087191.8	Novel	No	Yes	No
RAP1GAP2	ENSG00000132359.9	Novel	No	Yes	No
RP11-1348G14.5	ENSG00000260796.1	Novel	No	Yes	No
RP11-173P15.7	ENSG00000255946.1	Novel	No	Yes	No
RP11-197N18.7	ENSG00000251497.2	Novel	No	Yes	No
RP11-227H15.4	ENSG00000229261.1	Novel	No	Yes	No
RP11-24N18.1	ENSG00000260570.1	Novel	No	Yes	No
RP11-367J11.2	ENSG00000245748.1	Novel	No	Yes	No
RP11-778D9.13	ENSG00000273181.1	Novel	No	Yes	No
RP11-894J14.5	ENSG00000272305.1	Novel	No	Yes	No
RP11-894P9.2	ENSG00000258851.1	Novel	No	Yes	No
RP4-583P15.15	ENSG00000273154.1	Novel	No	Yes	No
RP5-881L22.5	ENSG00000226812.2	Novel	No	Yes	No
RTEL1	ENSG00000258366.3	Novel	No	Yes	No
SLC35G6	ENSG00000259224.1	Novel	No	Yes	No
SNX22	ENSG00000157734.9	Novel	No	Yes	No
SYNPR	ENSG00000163630.6	Novel	No	Yes	No
THOC7-AS1	ENSG00000240549.2	Novel	No	Yes	No
UQCRB	ENSG00000156467.5	Novel	No	Yes	No
CASC11	ENSG00000249375.3	Known	No	Yes	No
FAM63A	ENSG00000143409.11	Known	No	Yes	No
GLI2	ENSG00000074047.16	Known	No	Yes	No
HORMAD2	ENSG00000176635.13	Known	No	Yes	No
IGF2BP3	ENSG00000136231.9	Known	No	Yes	No
KCNQ1OT1	ENSG00000269821.1	Known	No	Yes	No
PCDH17	ENSG00000118946.7	Known	No	Yes	No
SLC16A11	ENSG00000174326.7	Known	No	Yes	No
SLC22A18AS	ENSG00000254827.1	Known	No	Yes	No
VASP	ENSG00000125753.9	Known	No	Yes	No
ADA	ENSG00000196839.8	Novel	Yes	Yes	No
C20ORF135	ENSG00000268858.1	Novel	Yes	Yes	No
C9orf139	ENSG00000180539.4	Novel	Yes	Yes	No
DNAJC5	ENSG00000101152.6	Novel	Yes	Yes	No
FAM101A	ENSG00000178882.9	Novel	Yes	Yes	No
GPAA1	ENSG00000197858.6	Novel	Yes	Yes	No
NUPL2	ENSG00000136243.12	Novel	Yes	Yes	No
PTK6	ENSG00000101213.5	Novel	Yes	Yes	No
RP11-2B6.3	ENSG00000269946.1	Novel	Yes	Yes	No
RP11-539L10.2	ENSG00000246526.2	Novel	Yes	Yes	No
TACR2	ENSG00000075073.10	Novel	Yes	Yes	No
HTT	ENSG00000197386.6	Known	Yes	Yes	No
MYC	ENSG00000136997.10	Known	Yes	Yes	No
RP11-486O12.2	ENSG00000247373.2	Known	Yes	Yes	No
ABCF3	ENSG00000161204.7	Novel	No	No	Yes
AC009133.14	ENSG00000238045.5	Novel	No	No	Yes
AC137932.1	ENSG00000268218.1	Novel	No	No	Yes
AC137932.5	ENSG00000260279.1	Novel	No	No	Yes
ADAMTSL4-AS1	ENSG00000203804.3	Novel	No	No	Yes
AF131215.8	ENSG00000270076.1	Novel	No	No	Yes
AF186192.1	ENSG00000254533.1	Novel	No	No	Yes
AL365202.1	ENSG00000203286.4	Novel	No	No	Yes
ALG3	ENSG00000214160.5	Novel	No	No	Yes
ALKBH4	ENSG00000160993.3	Novel	No	No	Yes
AP000769.7	ENSG00000270117.1	Novel	No	No	Yes
AP2M1	ENSG00000161203.9	Novel	No	No	Yes
APH1B	ENSG00000138613.9	Novel	No	No	Yes
ASPHD1	ENSG00000174939.6	Novel	No	No	Yes
ATP6V0A2	ENSG00000185344.9	Novel	No	No	Yes
BBS2	ENSG00000125124.7	Novel	No	No	Yes
C11orf58	ENSG00000110696.5	Novel	No	No	Yes
C8orf82	ENSG00000213563.2	Novel	No	No	Yes
CABP7	ENSG00000100314.3	Novel	No	No	Yes
CAGE1	ENSG00000164304.11	Novel	No	No	Yes
CALCB	ENSG00000175868.9	Novel	No	No	Yes
CAMK2N2	ENSG00000163888.3	Novel	No	No	Yes
CDIPT	ENSG00000103502.9	Novel	No	No	Yes
CDIPT-AS1	ENSG00000214725.3	Novel	No	No	Yes
CDK8	ENSG00000132964.7	Novel	No	No	Yes
CEP41	ENSG00000106477.14	Novel	No	No	Yes
CHORDC1	ENSG00000110172.7	Novel	No	No	Yes
CHST8	ENSG00000124302.8	Novel	No	No	Yes
COASY	ENSG00000068120.10	Novel	No	No	Yes
COMMD9	ENSG00000110442.7	Novel	No	No	Yes
CTB-113I20.2	ENSG00000271737.1	Novel	No	No	Yes
CTC-537E7.3	ENSG00000248884.1	Novel	No	No	Yes
CTD-3193O13.1	ENSG00000260500.1	Novel	No	No	Yes
EXT1	ENSG00000182197.6	Novel	No	No	Yes
FADD	ENSG00000168040.4	Novel	No	No	Yes
FGD6	ENSG00000180263.9	Novel	No	No	Yes
FKBP8	ENSG00000105701.11	Novel	No	No	Yes
GABPB2	ENSG00000143458.7	Novel	No	No	Yes
GADD45GIP1	ENSG00000179271.1	Novel	No	No	Yes
GPT	ENSG00000167701.9	Novel	No	No	Yes
HCN1	ENSG00000164588.4	Novel	No	No	Yes
HOMER1	ENSG00000152413.10	Novel	No	No	Yes
hsa-mir-335	ENSG00000270823.1	Novel	No	No	Yes
HSD11B1L	ENSG00000167733.9	Novel	No	No	Yes
INPP5E	ENSG00000148384.11	Novel	No	No	Yes
ITIH3	ENSG00000162267.8	Novel	No	No	Yes
KCNRG	ENSG00000198553.4	Novel	No	No	Yes
KIAA0020	ENSG00000080608.9	Novel	No	No	Yes
KLHL26	ENSG00000167487.7	Novel	No	No	Yes
LINC00610	ENSG00000196559.3	Novel	No	No	Yes
LINC00951	ENSG00000204092.2	Novel	No	No	Yes
LIPH	ENSG00000163898.5	Novel	No	No	Yes
LRWD1	ENSG00000161036.6	Novel	No	No	Yes
MALAT1	ENSG00000251562.3	Novel	No	No	Yes
MAN2C1	ENSG00000140400.10	Novel	No	No	Yes
MANBA	ENSG00000109323.4	Novel	No	No	Yes
MNS1	ENSG00000138587.5	Novel	No	No	Yes
MRGPRE	ENSG00000184350.8	Novel	No	No	Yes
MRPL28	ENSG00000086504.11	Novel	No	No	Yes
MRPL32	ENSG00000106591.3	Novel	No	No	Yes
MSI1	ENSG00000135097.2	Novel	No	No	Yes
MYT1	ENSG00000196132.7	Novel	No	No	Yes
NCOA3	ENSG00000124151.14	Novel	No	No	Yes
NEFH	ENSG00000100285.9	Novel	No	No	Yes
NEIL1	ENSG00000140398.9	Novel	No	No	Yes
NF2	ENSG00000186575.13	Novel	No	No	Yes
PARL	ENSG00000175193.8	Novel	No	No	Yes
PCDP1	ENSG00000163075.8	Novel	No	No	Yes
PHPT1	ENSG00000054148.13	Novel	No	No	Yes
PISD	ENSG00000241878.5	Novel	No	No	Yes
POLR3K	ENSG00000161980.5	Novel	No	No	Yes
PPDPF	ENSG00000125534.5	Novel	No	No	Yes
PPIA	ENSG00000196262.9	Novel	No	No	Yes
PRRT2	ENSG00000167371.12	Novel	No	No	Yes
PRSS46	ENSG00000261603.1	Novel	No	No	Yes
PRSS50	ENSG00000206549.8	Novel	No	No	Yes
PSMD12	ENSG00000197170.5	Novel	No	No	Yes
PSMD2	ENSG00000175166.12	Novel	No	No	Yes
RAI1-AS1	ENSG00000237328.1	Novel	No	No	Yes
RNF34	ENSG00000170633.12	Novel	No	No	Yes
RP1-76B20.11	ENSG00000232396.2	Novel	No	No	Yes
RP11-214K3.24	ENSG00000269923.1	Novel	No	No	Yes
RP11-264B17.2	ENSG00000260853.1	Novel	No	No	Yes
RP11-282O18.3	ENSG00000235423.4	Novel	No	No	Yes
RP11-338K17.8	ENSG00000255839.1	Novel	No	No	Yes
RP11-358M14.2	ENSG00000228322.1	Novel	No	No	Yes
RP11-365H22.2	ENSG00000272576.1	Novel	No	No	Yes
RP11-38P22.2	ENSG00000241732.1	Novel	No	No	Yes
RP11-397A16.2	ENSG00000267325.1	Novel	No	No	Yes
RP11-434C1.1	ENSG00000247157.2	Novel	No	No	Yes
RP11-493K19.3	ENSG00000235016.1	Novel	No	No	Yes
RP11-775D22.2	ENSG00000229196.3	Novel	No	No	Yes
RP11-778D9.12	ENSG00000272721.1	Novel	No	No	Yes
RP11-77K12.1	ENSG00000261717.1	Novel	No	No	Yes
RP11-817O13.8	ENSG00000260274.1	Novel	No	No	Yes
RP11-84C13.1	ENSG00000271359.1	Novel	No	No	Yes
RPS6	ENSG00000137154.8	Novel	No	No	Yes
RRAS2	ENSG00000133818.8	Novel	No	No	Yes
SAPCD2	ENSG00000186193.7	Novel	No	No	Yes
SAT2	ENSG00000141504.7	Novel	No	No	Yes
SCNM1	ENSG00000163156.7	Novel	No	No	Yes
SETDB1	ENSG00000143379.8	Novel	No	No	Yes
SEZ6L2	ENSG00000174938.10	Novel	No	No	Yes
SFMBT1	ENSG00000163935.9	Novel	No	No	Yes
SLC1A4	ENSG00000115902.6	Novel	No	No	Yes
SLC39A4	ENSG00000147804.5	Novel	No	No	Yes
SNRNP25	ENSG00000161981.6	Novel	No	No	Yes
SNX33	ENSG00000173548.8	Novel	No	No	Yes
SOBP	ENSG00000112320.7	Novel	No	No	Yes
SPATA18	ENSG00000163071.6	Novel	No	No	Yes
SRRT	ENSG00000087087.14	Novel	No	No	Yes
STK17A	ENSG00000164543.5	Novel	No	No	Yes
STX18	ENSG00000168818.5	Novel	No	No	Yes
THOC5	ENSG00000100296.9	Novel	No	No	Yes
THOC7	ENSG00000163634.7	Novel	No	No	Yes
TIGD2	ENSG00000180346.2	Novel	No	No	Yes
TMEM141	ENSG00000244187.3	Novel	No	No	Yes
TMEM160	ENSG00000130748.6	Novel	No	No	Yes
TMEM161A	ENSG00000064545.10	Novel	No	No	Yes
TMEM209	ENSG00000146842.12	Novel	No	No	Yes
TNFRSF11A	ENSG00000141655.11	Novel	No	No	Yes
TRIM13	ENSG00000204977.5	Novel	No	No	Yes
TRIO	ENSG00000038382.13	Novel	No	No	Yes
TSSK6	ENSG00000178093.12	Novel	No	No	Yes
TUFM	ENSG00000178952.4	Novel	No	No	Yes
UBE2G1	ENSG00000132388.8	Novel	No	No	Yes
UFSP1	ENSG00000176125.3	Novel	No	No	Yes
VAMP2	ENSG00000220205.4	Novel	No	No	Yes
VDAC1	ENSG00000213585.6	Novel	No	No	Yes
WASF3	ENSG00000132970.8	Novel	No	No	Yes
WASF3-AS1	ENSG00000237001.2	Novel	No	No	Yes
ZCCHC2	ENSG00000141664.5	Novel	No	No	Yes
ZMAT5	ENSG00000100319.11	Novel	No	No	Yes
ZNF595	ENSG00000197701.7	Novel	No	No	Yes
AEBP1	ENSG00000106624.4	Known	No	No	Yes
ARHGAP39	ENSG00000147799.7	Known	No	No	Yes
CAMKK2	ENSG00000110931.14	Known	No	No	Yes
CPA2	ENSG00000158516.7	Known	No	No	Yes
CRTC1	ENSG00000105662.11	Known	No	No	Yes
CTDNEP1	ENSG00000175826.7	Known	No	No	Yes
DDX56	ENSG00000136271.6	Known	No	No	Yes
DEPDC5	ENSG00000100150.12	Known	No	No	Yes
DLEU1	ENSG00000176124.7	Known	No	No	Yes
DYNLL1	ENSG00000088986.6	Known	No	No	Yes
EIF5A	ENSG00000132507.13	Known	No	No	Yes
ETS1	ENSG00000134954.10	Known	No	No	Yes
FLI1	ENSG00000151702.12	Known	No	No	Yes
GABARAP	ENSG00000170296.5	Known	No	No	Yes
GLIS3-AS1	ENSG00000237009.2	Known	No	No	Yes
HNF1A-AS1	ENSG00000241388.3	Known	No	No	Yes
KCNK7	ENSG00000173338.8	Known	No	No	Yes
LINC00926	ENSG00000247982.2	Known	No	No	Yes
LPAR2	ENSG00000064547.9	Known	No	No	Yes
LRFN2	ENSG00000156564.8	Known	No	No	Yes
MEF2BNB	ENSG00000254901.3	Known	No	No	Yes
MLX	ENSG00000108788.7	Known	No	No	Yes
P2RY1	ENSG00000169860.4	Known	No	No	Yes
PDE8B	ENSG00000113231.9	Known	No	No	Yes
PHF23	ENSG00000040633.8	Known	No	No	Yes
PHLPP1	ENSG00000081913.9	Known	No	No	Yes
PLK2	ENSG00000145632.10	Known	No	No	Yes
PPIF	ENSG00000108179.9	Known	No	No	Yes
RAD21	ENSG00000164754.8	Known	No	No	Yes
RAPSN	ENSG00000165917.5	Known	No	No	Yes
RFX3	ENSG00000080298.11	Known	No	No	Yes
RFXANK	ENSG00000064490.9	Known	No	No	Yes
RIOK1	ENSG00000124784.4	Known	No	No	Yes
SCD5	ENSG00000145284.7	Known	No	No	Yes
SHBG	ENSG00000129214.10	Known	No	No	Yes
SLC30A8	ENSG00000164756.8	Known	No	No	Yes
SNRNP48	ENSG00000168566.11	Known	No	No	Yes
SYCE2	ENSG00000161860.7	Known	No	No	Yes
TTC39A	ENSG00000085831.11	Known	No	No	Yes
UQCR10	ENSG00000184076.10	Known	No	No	Yes
USP3	ENSG00000140455.12	Known	No	No	Yes
XKR6	ENSG00000171044.6	Known	No	No	Yes
ZNF710	ENSG00000140548.5	Known	No	No	Yes
AC005355.2	ENSG00000251169.2	Novel	Yes	No	Yes
AC025335.1	ENSG00000179859.7	Novel	Yes	No	Yes
ANXA9	ENSG00000143412.5	Novel	Yes	No	Yes
C20orf201	ENSG00000171695.6	Novel	Yes	No	Yes
C9orf142	ENSG00000148362.6	Novel	Yes	No	Yes
CLIC3	ENSG00000169583.12	Novel	Yes	No	Yes
CRYGS	ENSG00000213139.3	Novel	Yes	No	Yes
DAD1	ENSG00000129562.6	Novel	Yes	No	Yes
FBXL6	ENSG00000182325.6	Novel	Yes	No	Yes
GPNMB	ENSG00000136235.11	Novel	Yes	No	Yes
LSP1	ENSG00000130592.9	Novel	Yes	No	Yes
MAN2B2	ENSG00000013288.4	Novel	Yes	No	Yes
MESP1	ENSG00000166823.5	Novel	Yes	No	Yes
MRPL23	ENSG00000214026.6	Novel	Yes	No	Yes
MTMR9	ENSG00000104643.5	Novel	Yes	No	Yes
ORAI2	ENSG00000160991.11	Novel	Yes	No	Yes
OSBPL5	ENSG00000021762.15	Novel	Yes	No	Yes
PARP10	ENSG00000178685.9	Novel	Yes	No	Yes
PDIA2	ENSG00000185615.11	Novel	Yes	No	Yes
PPP6R2	ENSG00000100239.11	Novel	Yes	No	Yes
PTGDS	ENSG00000107317.7	Novel	Yes	No	Yes
RP11-1191J2.2	ENSG00000242686.2	Novel	Yes	No	Yes
RP4-583P15.10	ENSG00000229299.2	Novel	Yes	No	Yes
TMIE	ENSG00000181585.3	Novel	Yes	No	Yes
TNNI2	ENSG00000130598.11	Novel	Yes	No	Yes
TRAF2	ENSG00000127191.13	Novel	Yes	No	Yes
ACAP1	ENSG00000072818.7	Known	Yes	No	Yes
CPA4	ENSG00000128510.6	Known	Yes	No	Yes
DGKB	ENSG00000136267.9	Known	Yes	No	Yes
EHBP1L1	ENSG00000173442.7	Known	Yes	No	Yes
IGF2BP2	ENSG00000073792.11	Known	Yes	No	Yes
INS-IGF2	ENSG00000129965.9	Known	Yes	No	Yes
KCNQ1	ENSG00000053918.11	Known	Yes	No	Yes
KCTD11	ENSG00000213859.3	Known	Yes	No	Yes
KLF14	ENSG00000174595.4	Known	Yes	No	Yes
ONECUT1	ENSG00000169856.7	Known	Yes	No	Yes
PMPCA	ENSG00000165688.7	Known	Yes	No	Yes
TH	ENSG00000180176.10	Known	Yes	No	Yes
TPCN2	ENSG00000162341.11	Known	Yes	No	Yes
TRPM5	ENSG00000070985.9	Known	Yes	No	Yes
AARD	ENSG00000205002.3	Novel	No	Yes	Yes
AC002306.1	ENSG00000259242.2	Novel	No	Yes	Yes
AC004854.4	ENSG00000234183.1	Novel	No	Yes	Yes
AC005253.2	ENSG00000268030.1	Novel	No	Yes	Yes
AC005355.1	ENSG00000250994.1	Novel	No	Yes	Yes
AC006160.5	ENSG00000249502.1	Novel	No	Yes	Yes
AC007365.3	ENSG00000226756.1	Novel	No	Yes	Yes
AC074391.1	ENSG00000204929.7	Novel	No	Yes	Yes
AC092535.3	ENSG00000227189.2	Novel	No	Yes	Yes
AC137932.6	ENSG00000261253.1	Novel	No	Yes	Yes
ADAMTSL4	ENSG00000143382.9	Novel	No	Yes	Yes
AFTPH	ENSG00000119844.10	Novel	No	Yes	Yes
ARID4B	ENSG00000054267.16	Novel	No	Yes	Yes
ARL6IP4	ENSG00000182196.9	Novel	No	Yes	Yes
C19orf60	ENSG00000006015.13	Novel	No	Yes	Yes
CCDC96	ENSG00000173013.4	Novel	No	Yes	Yes
CPSF1	ENSG00000071894.10	Novel	No	Yes	Yes
CRLF1	ENSG00000006016.6	Novel	No	Yes	Yes
CTB-40H15.4	ENSG00000272057.1	Novel	No	Yes	Yes
CTC-518P12.6	ENSG00000267484.1	Novel	No	Yes	Yes
CTD-2089N3.2	ENSG00000251573.2	Novel	No	Yes	Yes
CTD-2089N3.3	ENSG00000248918.2	Novel	No	Yes	Yes
CTD-2314G24.2	ENSG00000259663.2	Novel	No	Yes	Yes
CYP2R1	ENSG00000186104.6	Novel	No	Yes	Yes
DNAJB11	ENSG00000090520.6	Novel	No	Yes	Yes
DPF2	ENSG00000133884.5	Novel	No	Yes	Yes
DVL3	ENSG00000161202.13	Novel	No	Yes	Yes
ECE2	ENSG00000145194.13	Novel	No	Yes	Yes
EIF2B5	ENSG00000145191.7	Novel	No	Yes	Yes
FAM221A	ENSG00000188732.6	Novel	No	Yes	Yes
FANCC	ENSG00000158169.7	Novel	No	Yes	Yes
GNAI2	ENSG00000114353.12	Novel	No	Yes	Yes
GRPEL1	ENSG00000109519.8	Novel	No	Yes	Yes
H2AFV	ENSG00000105968.14	Novel	No	Yes	Yes
hsa-mir-8072	ENSG00000256092.2	Novel	No	Yes	Yes
IFRD2	ENSG00000214706.6	Novel	No	Yes	Yes
ISL1	ENSG00000016082.10	Novel	No	Yes	Yes
ISYNA1	ENSG00000105655.14	Novel	No	Yes	Yes
KCNAB3	ENSG00000170049.5	Novel	No	Yes	Yes
KXD1	ENSG00000105700.6	Novel	No	Yes	Yes
LINC00856	ENSG00000230417.6	Novel	No	Yes	Yes
LOH12CR1	ENSG00000165714.6	Novel	No	Yes	Yes
LOH12CR2	ENSG00000205791.2	Novel	No	Yes	Yes
LRRC14	ENSG00000160959.3	Novel	No	Yes	Yes
LSMEM2	ENSG00000179564.3	Novel	No	Yes	Yes
LYST	ENSG00000143669.9	Novel	No	Yes	Yes
MANSC1	ENSG00000111261.9	Novel	No	Yes	Yes
MAPK11	ENSG00000185386.10	Novel	No	Yes	Yes
MAZ	ENSG00000103495.9	Novel	No	Yes	Yes
MBNL1-AS1	ENSG00000229619.3	Novel	No	Yes	Yes
MED28	ENSG00000118579.7	Novel	No	Yes	Yes
MFSD3	ENSG00000167700.4	Novel	No	Yes	Yes
MVP	ENSG00000013364.14	Novel	No	Yes	Yes
NCAPG	ENSG00000109805.5	Novel	No	Yes	Yes
NEK4	ENSG00000114904.8	Novel	No	Yes	Yes
NFKB1	ENSG00000109320.7	Novel	No	Yes	Yes
NOM1	ENSG00000146909.3	Novel	No	Yes	Yes
NPDC1	ENSG00000107281.5	Novel	No	Yes	Yes
OGFOD2	ENSG00000111325.12	Novel	No	Yes	Yes
PCMTD2	ENSG00000203880.7	Novel	No	Yes	Yes
PLEC	ENSG00000178209.10	Novel	No	Yes	Yes
PRR14L	ENSG00000183530.9	Novel	No	Yes	Yes
PSMC3	ENSG00000165916.4	Novel	No	Yes	Yes
QPRT	ENSG00000103485.13	Novel	No	Yes	Yes
RECQL4	ENSG00000160957.8	Novel	No	Yes	Yes
RGS11	ENSG00000076344.11	Novel	No	Yes	Yes
RP1-85F18.5	ENSG00000231993.1	Novel	No	Yes	Yes
RP11-1191J2.5	ENSG00000272927.1	Novel	No	Yes	Yes
RP11-1263C18.1	ENSG00000273238.1	Novel	No	Yes	Yes
RP11-1406H17.1	ENSG00000269908.1	Novel	No	Yes	Yes
RP11-20I20.4	ENSG00000273179.1	Novel	No	Yes	Yes
RP11-215P8.4	ENSG00000250564.1	Novel	No	Yes	Yes
RP11-229P13.20	ENSG00000235117.2	Novel	No	Yes	Yes
RP11-440L14.4	ENSG00000272588.1	Novel	No	Yes	Yes
RP11-513I15.6	ENSG00000225339.2	Novel	No	Yes	Yes
RP11-568N6.1	ENSG00000260101.1	Novel	No	Yes	Yes
RP11-586D19.2	ENSG00000251408.1	Novel	No	Yes	Yes
RP11-83B20.1	ENSG00000214650.2	Novel	No	Yes	Yes
RP5-966M1.6	ENSG00000243696.4	Novel	No	Yes	Yes
RPL36	ENSG00000130255.8	Novel	No	Yes	Yes
RPS10-NUDT3	ENSG00000270800.1	Novel	No	Yes	Yes
RTEL1-TNFRSF6B	ENSG00000026036.16	Novel	No	Yes	Yes
SAFB	ENSG00000160633.8	Novel	No	Yes	Yes
SAR1B	ENSG00000152700.9	Novel	No	Yes	Yes
SCARB1	ENSG00000073060.11	Novel	No	Yes	Yes
SEC24A	ENSG00000113615.8	Novel	No	Yes	Yes
SEMA3F	ENSG00000001617.7	Novel	No	Yes	Yes
SEMA6C	ENSG00000143434.11	Novel	No	Yes	Yes
SNX1	ENSG00000028528.10	Novel	No	Yes	Yes
SPI1	ENSG00000066336.7	Novel	No	Yes	Yes
SSBP4	ENSG00000130511.11	Novel	No	Yes	Yes
STK32B	ENSG00000152953.8	Novel	No	Yes	Yes
STMN3	ENSG00000197457.5	Novel	No	Yes	Yes
TADA2B	ENSG00000173011.11	Novel	No	Yes	Yes
TBCCD1	ENSG00000113838.8	Novel	No	Yes	Yes
TGFBR3L	ENSG00000260001.2	Novel	No	Yes	Yes
TICAM1	ENSG00000127666.8	Novel	No	Yes	Yes
TMCC2	ENSG00000133069.10	Novel	No	Yes	Yes
TMEM107	ENSG00000179029.10	Novel	No	Yes	Yes
TMEM249	ENSG00000214597.4	Novel	No	Yes	Yes
TMEM249	ENSG00000271698.1	Novel	No	Yes	Yes
TMEM59L	ENSG00000105696.4	Novel	No	Yes	Yes
TNFSF12	ENSG00000239697.6	Novel	No	Yes	Yes
TNFSF13	ENSG00000161955.12	Novel	No	Yes	Yes
TUBGCP6	ENSG00000128159.7	Novel	No	Yes	Yes
U73166.2	ENSG00000230454.1	Novel	No	Yes	Yes
UBA52	ENSG00000221983.3	Novel	No	Yes	Yes
USPL1	ENSG00000132952.7	Novel	No	Yes	Yes
VWA5B2	ENSG00000145198.10	Novel	No	Yes	Yes
ZMIZ2	ENSG00000122515.10	Novel	No	Yes	Yes
ZNF148	ENSG00000163848.14	Novel	No	Yes	Yes
ZNF280D	ENSG00000137871.15	Novel	No	Yes	Yes
ABCC8	ENSG00000006071.7	Known	No	Yes	Yes
AC079602.1	ENSG00000272214.1	Known	No	Yes	Yes
ANKH	ENSG00000154122.8	Known	No	Yes	Yes
ASCC2	ENSG00000100325.10	Known	No	Yes	Yes
ATP13A1	ENSG00000105726.12	Known	No	Yes	Yes
ATP2A3	ENSG00000074370.13	Known	No	Yes	Yes
CCDC3	ENSG00000151468.9	Known	No	Yes	Yes
CDK2AP1	ENSG00000111328.2	Known	No	Yes	Yes
DSP	ENSG00000096696.9	Known	No	Yes	Yes
FAM13A	ENSG00000138640.10	Known	No	Yes	Yes
FBXW7	ENSG00000109670.9	Known	No	Yes	Yes
INTS8	ENSG00000164941.9	Known	No	Yes	Yes
KDM2B	ENSG00000089094.12	Known	No	Yes	Yes
LRRC66	ENSG00000188993.3	Known	No	Yes	Yes
MBNL1	ENSG00000152601.13	Known	No	Yes	Yes
MIR4453	ENSG00000268471.3	Known	No	Yes	Yes
MLEC	ENSG00000110917.3	Known	No	Yes	Yes
MYL7	ENSG00000106631.4	Known	No	Yes	Yes
NAGLU	ENSG00000108784.5	Known	No	Yes	Yes
NEURL4	ENSG00000215041.5	Known	No	Yes	Yes
NUDCD3	ENSG00000015676.13	Known	No	Yes	Yes
OPTN	ENSG00000123240.12	Known	No	Yes	Yes
PDE3B	ENSG00000152270.4	Known	No	Yes	Yes
PIM3	ENSG00000198355.4	Known	No	Yes	Yes
PLA2G1B	ENSG00000170890.9	Known	No	Yes	Yes
POLR3A	ENSG00000148606.8	Known	No	Yes	Yes
POP5	ENSG00000167272.6	Known	No	Yes	Yes
RP11-216P16.2	ENSG00000271769.1	Known	No	Yes	Yes
RP11-2E11.10	ENSG00000272701.1	Known	No	Yes	Yes
RP3-512B11.3	ENSG00000261189.1	Known	No	Yes	Yes
RP5-1120P11.1	ENSG00000237686.2	Known	No	Yes	Yes
RPS24	ENSG00000138326.14	Known	No	Yes	Yes
SBNO1	ENSG00000139697.7	Known	No	Yes	Yes
SCRT1	ENSG00000170616.9	Known	No	Yes	Yes
SETD8	ENSG00000183955.8	Known	No	Yes	Yes
SLC1A2	ENSG00000110436.7	Known	No	Yes	Yes
SLC2A2	ENSG00000163581.9	Known	No	Yes	Yes
SMCO4	ENSG00000166002.2	Known	No	Yes	Yes
SNAPC2	ENSG00000104976.7	Known	No	Yes	Yes
SPPL3	ENSG00000157837.11	Known	No	Yes	Yes
STK31	ENSG00000196335.8	Known	No	Yes	Yes
TCF12	ENSG00000140262.13	Known	No	Yes	Yes
THADA	ENSG00000115970.14	Known	No	Yes	Yes
UNC119B	ENSG00000175970.7	Known	No	Yes	Yes
WDR41	ENSG00000164253.8	Known	No	Yes	Yes
YKT6	ENSG00000106636.3	Known	No	Yes	Yes
ZMIZ1	ENSG00000108175.12	Known	No	Yes	Yes
ZMIZ1-AS1	ENSG00000224596.3	Known	No	Yes	Yes
ABCA2	ENSG00000107331.12	Novel	Yes	Yes	Yes
ABCC5-AS1	ENSG00000223882.1	Novel	Yes	Yes	Yes
AC005082.12	ENSG00000226816.2	Novel	Yes	Yes	Yes
AC005523.3	ENSG00000268536.1	Novel	Yes	Yes	Yes
AC010336.1	ENSG00000214248.2	Novel	Yes	Yes	Yes
AC093323.3	ENSG00000170846.11	Novel	Yes	Yes	Yes
ALDOA	ENSG00000149925.12	Novel	Yes	Yes	Yes
ALOXE3	ENSG00000179148.5	Novel	Yes	Yes	Yes
ALS2CL	ENSG00000178038.12	Novel	Yes	Yes	Yes
ANKRD11	ENSG00000167522.10	Novel	Yes	Yes	Yes
ATP5I	ENSG00000169020.5	Novel	Yes	Yes	Yes
ATXN2L	ENSG00000168488.14	Novel	Yes	Yes	Yes
AXIN1	ENSG00000103126.10	Novel	Yes	Yes	Yes
BLOC1S4	ENSG00000186222.3	Novel	Yes	Yes	Yes
C20orf195	ENSG00000125531.5	Novel	Yes	Yes	Yes
C6orf1	ENSG00000186577.7	Novel	Yes	Yes	Yes
C6orf106	ENSG00000196821.5	Novel	Yes	Yes	Yes
C8G	ENSG00000176919.7	Novel	Yes	Yes	Yes
C9orf3	ENSG00000148120.10	Novel	Yes	Yes	Yes
CABP1	ENSG00000157782.5	Novel	Yes	Yes	Yes
CARS	ENSG00000110619.12	Novel	Yes	Yes	Yes
CCDC12	ENSG00000160799.7	Novel	Yes	Yes	Yes
CCDC126	ENSG00000169193.7	Novel	Yes	Yes	Yes
CCDC88C	ENSG00000015133.14	Novel	Yes	Yes	Yes
CCNE2	ENSG00000175305.12	Novel	Yes	Yes	Yes
CDC42SE1	ENSG00000197622.8	Novel	Yes	Yes	Yes
CDKL3	ENSG00000006837.7	Novel	Yes	Yes	Yes
CDKN2AIPNL	ENSG00000237190.3	Novel	Yes	Yes	Yes
CERS1	ENSG00000223802.3	Novel	Yes	Yes	Yes
CFDP1	ENSG00000153774.4	Novel	Yes	Yes	Yes
CHD3	ENSG00000170004.12	Novel	Yes	Yes	Yes
CHRNB1	ENSG00000170175.6	Novel	Yes	Yes	Yes
CILP2	ENSG00000160161.5	Novel	Yes	Yes	Yes
CNTROB	ENSG00000170037.9	Novel	Yes	Yes	Yes
COPE	ENSG00000105669.8	Novel	Yes	Yes	Yes
COQ5	ENSG00000110871.10	Novel	Yes	Yes	Yes
CPLX1	ENSG00000168993.10	Novel	Yes	Yes	Yes
CRMP1	ENSG00000072832.10	Novel	Yes	Yes	Yes
CTC-425F1.4	ENSG00000267458.1	Novel	Yes	Yes	Yes
CTD-2366F13.1	ENSG00000247796.2	Novel	Yes	Yes	Yes
CTD-2410N18.3	ENSG00000270177.1	Novel	Yes	Yes	Yes
CTD-3195I5.5	ENSG00000262194.1	Novel	Yes	Yes	Yes
CUX1	ENSG00000257923.5	Novel	Yes	Yes	Yes
CYB5D1	ENSG00000182224.7	Novel	Yes	Yes	Yes
CYHR1	ENSG00000187954.8	Novel	Yes	Yes	Yes
DDX42	ENSG00000198231.8	Novel	Yes	Yes	Yes
DDX49	ENSG00000105671.7	Novel	Yes	Yes	Yes
DENND6B	ENSG00000205593.7	Novel	Yes	Yes	Yes
DGKQ	ENSG00000145214.9	Novel	Yes	Yes	Yes
DNAH2	ENSG00000183914.10	Novel	Yes	Yes	Yes
DNLZ	ENSG00000213221.4	Novel	Yes	Yes	Yes
DPP9	ENSG00000142002.12	Novel	Yes	Yes	Yes
EFNB3	ENSG00000108947.4	Novel	Yes	Yes	Yes
EIF2S2	ENSG00000125977.6	Novel	Yes	Yes	Yes
EIF3M	ENSG00000149100.8	Novel	Yes	Yes	Yes
ELL	ENSG00000105656.8	Novel	Yes	Yes	Yes
ENTPD2	ENSG00000054179.7	Novel	Yes	Yes	Yes
ETV5	ENSG00000244405.3	Novel	Yes	Yes	Yes
FAM105A	ENSG00000145569.5	Novel	Yes	Yes	Yes
FAM57B	ENSG00000149926.9	Novel	Yes	Yes	Yes
FBXW5	ENSG00000159069.9	Novel	Yes	Yes	Yes
FEM1A	ENSG00000141965.3	Novel	Yes	Yes	Yes
FGF11	ENSG00000161958.6	Novel	Yes	Yes	Yes
FNBP4	ENSG00000109920.8	Novel	Yes	Yes	Yes
FRMD8	ENSG00000126391.9	Novel	Yes	Yes	Yes
FUT7	ENSG00000180549.7	Novel	Yes	Yes	Yes
FXR2	ENSG00000129245.7	Novel	Yes	Yes	Yes
GPBP1	ENSG00000062194.11	Novel	Yes	Yes	Yes
GS1-393G12.12	ENSG00000254690.1	Novel	Yes	Yes	Yes
GUCY2D	ENSG00000132518.6	Novel	Yes	Yes	Yes
HDAC10	ENSG00000100429.13	Novel	Yes	Yes	Yes
HELZ2	ENSG00000130589.12	Novel	Yes	Yes	Yes
HK1	ENSG00000156515.17	Novel	Yes	Yes	Yes
IDUA	ENSG00000127415.8	Novel	Yes	Yes	Yes
INHBB	ENSG00000163083.5	Novel	Yes	Yes	Yes
ITFG3	ENSG00000167930.11	Novel	Yes	Yes	Yes
ITIH4	ENSG00000055955.11	Novel	Yes	Yes	Yes
JAKMIP1	ENSG00000152969.12	Novel	Yes	Yes	Yes
KCNK15	ENSG00000124249.5	Novel	Yes	Yes	Yes
KDSR	ENSG00000119537.11	Novel	Yes	Yes	Yes
KIAA0232	ENSG00000170871.7	Novel	Yes	Yes	Yes
KIAA1875	ENSG00000179698.9	Novel	Yes	Yes	Yes
KIF18A	ENSG00000121621.6	Novel	Yes	Yes	Yes
KIFC2	ENSG00000167702.7	Novel	Yes	Yes	Yes
KLHL18	ENSG00000114648.7	Novel	Yes	Yes	Yes
KLHL7	ENSG00000122550.13	Novel	Yes	Yes	Yes
KLHL7-AS1	ENSG00000230658.1	Novel	Yes	Yes	Yes
LCN12	ENSG00000184925.7	Novel	Yes	Yes	Yes
LIMD2	ENSG00000136490.4	Novel	Yes	Yes	Yes
LRRC24	ENSG00000254402.2	Novel	Yes	Yes	Yes
LSMD1	ENSG00000183011.9	Novel	Yes	Yes	Yes
MAF 1.00	ENSG00000179632.5	Novel	Yes	Yes	Yes
MALSU1	ENSG00000156928.4	Novel	Yes	Yes	Yes
MAMDC4	ENSG00000177943.9	Novel	Yes	Yes	Yes
MAPK12	ENSG00000188130.9	Novel	Yes	Yes	Yes
5-Mar	ENSG00000198060.5	Novel	Yes	Yes	Yes
MCL1	ENSG00000143384.8	Novel	Yes	Yes	Yes
MFSD7	ENSG00000169026.8	Novel	Yes	Yes	Yes
MIR7-3HG	ENSG00000176840.7	Novel	Yes	Yes	Yes
MNX1-AS1	ENSG00000243479.3	Novel	Yes	Yes	Yes
MNX1-AS2	ENSG00000235029.1	Novel	Yes	Yes	Yes
MOCS2	ENSG00000164172.14	Novel	Yes	Yes	Yes
MRFAP1	ENSG00000179010.10	Novel	Yes	Yes	Yes
MRFAP1L1	ENSG00000178988.10	Novel	Yes	Yes	Yes
MROH1	ENSG00000179832.13	Novel	Yes	Yes	Yes
MYL5	ENSG00000215375.2	Novel	Yes	Yes	Yes
NAP1L4	ENSG00000205531.8	Novel	Yes	Yes	Yes
NBEAL2	ENSG00000160796.12	Novel	Yes	Yes	Yes
NCOR2	ENSG00000196498.9	Novel	Yes	Yes	Yes
NDUFS4	ENSG00000164258.7	Novel	Yes	Yes	Yes
NEAT1	ENSG00000245532.4	Novel	Yes	Yes	Yes
NFATC2IP	ENSG00000176953.6	Novel	Yes	Yes	Yes
NLGN2	ENSG00000169992.5	Novel	Yes	Yes	Yes
NR2C2AP	ENSG00000184162.10	Novel	Yes	Yes	Yes
OGDH	ENSG00000105953.10	Novel	Yes	Yes	Yes
OPRL1	ENSG00000125510.11	Novel	Yes	Yes	Yes
P2RX7	ENSG00000089041.12	Novel	Yes	Yes	Yes
PABPC1L	ENSG00000101104.8	Novel	Yes	Yes	Yes
PCAT7	ENSG00000231806.2	Novel	Yes	Yes	Yes
PER1	ENSG00000179094.9	Novel	Yes	Yes	Yes
PIGG	ENSG00000174227.11	Novel	Yes	Yes	Yes
PLIN3	ENSG00000105355.4	Novel	Yes	Yes	Yes
PLXNB2	ENSG00000196576.10	Novel	Yes	Yes	Yes
POLR2A	ENSG00000181222.10	Novel	Yes	Yes	Yes
PPP1R16A	ENSG00000160972.5	Novel	Yes	Yes	Yes
PPP2CA	ENSG00000113575.5	Novel	Yes	Yes	Yes
PRPF6	ENSG00000101161.6	Novel	Yes	Yes	Yes
PRRG4	ENSG00000135378.3	Novel	Yes	Yes	Yes
PSMA1	ENSG00000129084.13	Novel	Yes	Yes	Yes
PSMA1	ENSG00000256206.2	Novel	Yes	Yes	Yes
PTPMT1	ENSG00000110536.9	Novel	Yes	Yes	Yes
RAB11FIP4	ENSG00000131242.11	Novel	Yes	Yes	Yes
RABL6	ENSG00000196642.11	Novel	Yes	Yes	Yes
RAD23A	ENSG00000179262.5	Novel	Yes	Yes	Yes
RAD54B	ENSG00000197275.8	Novel	Yes	Yes	Yes
RALB	ENSG00000144118.9	Novel	Yes	Yes	Yes
RBX1	ENSG00000100387.8	Novel	Yes	Yes	Yes
RGS19	ENSG00000171700.9	Novel	Yes	Yes	Yes
RILPL1	ENSG00000188026.7	Novel	Yes	Yes	Yes
RNF10	ENSG00000022840.11	Novel	Yes	Yes	Yes
RP1-28H20.3	ENSG00000271784.1	Novel	Yes	Yes	Yes
RP1-80N2.3	ENSG00000261211.1	Novel	Yes	Yes	Yes
RP11-10L12.4	ENSG00000246560.2	Novel	Yes	Yes	Yes
RP11-129B22.1	ENSG00000241111.1	Novel	Yes	Yes	Yes
RP11-140K17.3	ENSG00000272288.1	Novel	Yes	Yes	Yes
RP11-215P8.3	ENSG00000248559.1	Novel	Yes	Yes	Yes
RP11-22C11.2	ENSG00000261437.1	Novel	Yes	Yes	Yes
RP11-22P6.2	ENSG00000261766.1	Novel	Yes	Yes	Yes
RP11-22P6.3	ENSG00000260442.1	Novel	Yes	Yes	Yes
RP11-245J9.4	ENSG00000243410.1	Novel	Yes	Yes	Yes
RP11-400F19.6	ENSG00000266962.1	Novel	Yes	Yes	Yes
RP11-440L14.1	ENSG00000249592.1	Novel	Yes	Yes	Yes
RP11-463O12.3	ENSG00000256152.2	Novel	Yes	Yes	Yes
RP11-499E18.1	ENSG00000248161.1	Novel	Yes	Yes	Yes
RP11-539L10.3	ENSG00000251580.1	Novel	Yes	Yes	Yes
RP11-53O19.1	ENSG00000251141.1	Novel	Yes	Yes	Yes
RP11-57H14.2	ENSG00000233547.1	Novel	Yes	Yes	Yes
RP11-586D19.1	ENSG00000249896.1	Novel	Yes	Yes	Yes
RP11-635N19.1	ENSG00000267390.1	Novel	Yes	Yes	Yes
RP11-708J19.1	ENSG00000260236.1	Novel	Yes	Yes	Yes
RP3-402G11.25	ENSG00000273188.1	Novel	Yes	Yes	Yes
RP4-597N16.4	ENSG00000273416.1	Novel	Yes	Yes	Yes
RP5-1013A22.5	ENSG00000273283.1	Novel	Yes	Yes	Yes
RPL8	ENSG00000161016.11	Novel	Yes	Yes	Yes
RPS10	ENSG00000124614.9	Novel	Yes	Yes	Yes
RRAGA	ENSG00000155876.4	Novel	Yes	Yes	Yes
S100P	ENSG00000163993.6	Novel	Yes	Yes	Yes
SAE1	ENSG00000142230.7	Novel	Yes	Yes	Yes
SAFB2	ENSG00000130254.7	Novel	Yes	Yes	Yes
SAMD10	ENSG00000130590.9	Novel	Yes	Yes	Yes
SEC16A	ENSG00000148396.14	Novel	Yes	Yes	Yes
SENP3	ENSG00000161956.8	Novel	Yes	Yes	Yes
SERINC3	ENSG00000132824.9	Novel	Yes	Yes	Yes
SERTAD2	ENSG00000179833.4	Novel	Yes	Yes	Yes
SETD2	ENSG00000181555.15	Novel	Yes	Yes	Yes
SGCB	ENSG00000163069.8	Novel	Yes	Yes	Yes
SH2B1	ENSG00000178188.10	Novel	Yes	Yes	Yes
SHARPIN	ENSG00000179526.12	Novel	Yes	Yes	Yes
SKP1	ENSG00000113558.14	Novel	Yes	Yes	Yes
SLC25A45	ENSG00000162241.8	Novel	Yes	Yes	Yes
SLC26A1	ENSG00000145217.9	Novel	Yes	Yes	Yes
SLC2A10	ENSG00000197496.4	Novel	Yes	Yes	Yes
SLC2A4RG	ENSG00000125520.9	Novel	Yes	Yes	Yes
SLC52A2	ENSG00000185803.4	Novel	Yes	Yes	Yes
SMARCD2	ENSG00000108604.11	Novel	Yes	Yes	Yes
SNRPC	ENSG00000124562.5	Novel	Yes	Yes	Yes
SSSCA1	ENSG00000173465.3	Novel	Yes	Yes	Yes
SSSCA1-AS1	ENSG00000260233.2	Novel	Yes	Yes	Yes
SYT8	ENSG00000149043.12	Novel	Yes	Yes	Yes
TAOK2	ENSG00000149930.13	Novel	Yes	Yes	Yes
TBC1D14	ENSG00000132405.14	Novel	Yes	Yes	Yes
TCF7	ENSG00000081059.15	Novel	Yes	Yes	Yes
TIGD3	ENSG00000173825.6	Novel	Yes	Yes	Yes
TINCR	ENSG00000223573.2	Novel	Yes	Yes	Yes
TMED4	ENSG00000158604.10	Novel	Yes	Yes	Yes
TMEM110	ENSG00000213533.7	Novel	Yes	Yes	Yes
TMEM170A	ENSG00000166822.8	Novel	Yes	Yes	Yes
TMEM185B	ENSG00000226479.3	Novel	Yes	Yes	Yes
TMEM256	ENSG00000205544.3	Novel	Yes	Yes	Yes
TMEM41A	ENSG00000163900.6	Novel	Yes	Yes	Yes
TNK1	ENSG00000174292.8	Novel	Yes	Yes	Yes
TP53RK	ENSG00000172315.5	Novel	Yes	Yes	Yes
TPD52L2	ENSG00000101150.13	Novel	Yes	Yes	Yes
TRA2A	ENSG00000164548.6	Novel	Yes	Yes	Yes
TRABD	ENSG00000170638.5	Novel	Yes	Yes	Yes
TRAPPC1	ENSG00000170043.7	Novel	Yes	Yes	Yes
UBE2B	ENSG00000119048.3	Novel	Yes	Yes	Yes
UBE2D3	ENSG00000109332.15	Novel	Yes	Yes	Yes
UCKL1	ENSG00000198276.9	Novel	Yes	Yes	Yes
UPF1	ENSG00000005007.8	Novel	Yes	Yes	Yes
VPS28	ENSG00000160948.9	Novel	Yes	Yes	Yes
YJEFN3	ENSG00000250067.7	Novel	Yes	Yes	Yes
ZBTB4	ENSG00000174282.7	Novel	Yes	Yes	Yes
ZGPAT	ENSG00000197114.7	Novel	Yes	Yes	Yes
ZNF141	ENSG00000131127.9	Novel	Yes	Yes	Yes
ZNF251	ENSG00000198169.4	Novel	Yes	Yes	Yes
ZNF512B	ENSG00000196700.3	Novel	Yes	Yes	Yes
ZNF517	ENSG00000197363.5	Novel	Yes	Yes	Yes
ZNF718	ENSG00000250312.2	Novel	Yes	Yes	Yes
ZNF721	ENSG00000182903.11	Novel	Yes	Yes	Yes
ZNF732	ENSG00000186777.7	Novel	Yes	Yes	Yes
ABCB9	ENSG00000150967.13	Known	Yes	Yes	Yes
ABCC5	ENSG00000114770.12	Known	Yes	Yes	Yes
AC010883.5	ENSG00000234936.1	Known	Yes	Yes	Yes
AC113189.5	ENSG00000233223.2	Known	Yes	Yes	Yes
ACADS	ENSG00000122971.4	Known	Yes	Yes	Yes
ACSL1	ENSG00000151726.9	Known	Yes	Yes	Yes
AKTIP	ENSG00000166971.12	Known	Yes	Yes	Yes
ANAPC5	ENSG00000089053.8	Known	Yes	Yes	Yes
ANK1	ENSG00000029534.15	Known	Yes	Yes	Yes
ANKFY1	ENSG00000185722.12	Known	Yes	Yes	Yes
AP3S2	ENSG00000157823.12	Known	Yes	Yes	Yes
APIP	ENSG00000149089.8	Known	Yes	Yes	Yes
ARAP1	ENSG00000186635.10	Known	Yes	Yes	Yes
ARFRP1	ENSG00000101246.15	Known	Yes	Yes	Yes
ARNT	ENSG00000143437.16	Known	Yes	Yes	Yes
ATG16L2	ENSG00000168010.6	Known	Yes	Yes	Yes
ATP1B2	ENSG00000129244.4	Known	Yes	Yes	Yes
ATP2A1	ENSG00000196296.9	Known	Yes	Yes	Yes
ATP5G1	ENSG00000159199.9	Known	Yes	Yes	Yes
ATXN7	ENSG00000163635.13	Known	Yes	Yes	Yes
BCAR1	ENSG00000050820.12	Known	Yes	Yes	Yes
BCL2	ENSG00000171791.10	Known	Yes	Yes	Yes
BEND3	ENSG00000178409.9	Known	Yes	Yes	Yes
BOP 1.00	ENSG00000170727.7	Known	Yes	Yes	Yes
C12orf43	ENSG00000157895.7	Known	Yes	Yes	Yes
C12orf65	ENSG00000130921.3	Known	Yes	Yes	Yes
C17orf58	ENSG00000186665.8	Known	Yes	Yes	Yes
C8orf37	ENSG00000156172.5	Known	Yes	Yes	Yes
CAMK2B	ENSG00000058404.15	Known	Yes	Yes	Yes
CARD9	ENSG00000187796.9	Known	Yes	Yes	Yes
CCDC47	ENSG00000108588.9	Known	Yes	Yes	Yes
CCDC67	ENSG00000165325.9	Known	Yes	Yes	Yes
CCDC92	ENSG00000119242.4	Known	Yes	Yes	Yes
CCND1	ENSG00000110092.3	Known	Yes	Yes	Yes
CD81	ENSG00000110651.7	Known	Yes	Yes	Yes
CDKN1B	ENSG00000111276.6	Known	Yes	Yes	Yes
CDKN1C	ENSG00000129757.8	Known	Yes	Yes	Yes
CDKN2B	ENSG00000147883.9	Known	Yes	Yes	Yes
CELF1	ENSG00000149187.13	Known	Yes	Yes	Yes
CENPE	ENSG00000138778.7	Known	Yes	Yes	Yes
CEP68	ENSG00000011523.9	Known	Yes	Yes	Yes
CISD2	ENSG00000145354.5	Known	Yes	Yes	Yes
COBLL1	ENSG00000082438.11	Known	Yes	Yes	Yes
COPB1	ENSG00000129083.8	Known	Yes	Yes	Yes
CPA1	ENSG00000091704.5	Known	Yes	Yes	Yes
CPEB3	ENSG00000107864.10	Known	Yes	Yes	Yes
CRY2	ENSG00000121671.7	Known	Yes	Yes	Yes
CTBP1	ENSG00000159692.11	Known	Yes	Yes	Yes
CTBP1-AS2	ENSG00000196810.4	Known	Yes	Yes	Yes
CTRB1	ENSG00000168925.6	Known	Yes	Yes	Yes
CTRB2	ENSG00000168928.8	Known	Yes	Yes	Yes
CTTNBP2	ENSG00000077063.6	Known	Yes	Yes	Yes
DBNL	ENSG00000136279.14	Known	Yes	Yes	Yes
DCAF16	ENSG00000163257.6	Known	Yes	Yes	Yes
DCUN1D4	ENSG00000109184.10	Known	Yes	Yes	Yes
DDX55	ENSG00000111364.11	Known	Yes	Yes	Yes
DGAT1	ENSG00000185000.5	Known	Yes	Yes	Yes
DGKG	ENSG00000058866.10	Known	Yes	Yes	Yes
DMGDH	ENSG00000132837.10	Known	Yes	Yes	Yes
DPY19L4	ENSG00000156162.12	Known	Yes	Yes	Yes
EHF	ENSG00000135373.8	Known	Yes	Yes	Yes
EIF4A1	ENSG00000161960.10	Known	Yes	Yes	Yes
EML2	ENSG00000125746.10	Known	Yes	Yes	Yes
EP300	ENSG00000100393.9	Known	Yes	Yes	Yes
ESRP1	ENSG00000104413.11	Known	Yes	Yes	Yes
EXOC6	ENSG00000138190.12	Known	Yes	Yes	Yes
FAM89B	ENSG00000176973.7	Known	Yes	Yes	Yes
FARSA	ENSG00000179115.6	Known	Yes	Yes	Yes
FGFRL1	ENSG00000127418.10	Known	Yes	Yes	Yes
FITM2	ENSG00000197296.5	Known	Yes	Yes	Yes
GAK	ENSG00000178950.12	Known	Yes	Yes	Yes
GATAD2A	ENSG00000167491.13	Known	Yes	Yes	Yes
GCDH	ENSG00000105607.8	Known	Yes	Yes	Yes
GCK	ENSG00000106633.11	Known	Yes	Yes	Yes
GDAP1L1	ENSG00000124194.11	Known	Yes	Yes	Yes
GLIS3	ENSG00000107249.17	Known	Yes	Yes	Yes
GMIP	ENSG00000089639.6	Known	Yes	Yes	Yes
GPSM1	ENSG00000160360.7	Known	Yes	Yes	Yes
HERC1	ENSG00000103657.9	Known	Yes	Yes	Yes
HIP1R	ENSG00000130787.9	Known	Yes	Yes	Yes
HMG20A	ENSG00000140382.10	Known	Yes	Yes	Yes
HMGA1	ENSG00000137309.15	Known	Yes	Yes	Yes
HMGB1	ENSG00000189403.10	Known	Yes	Yes	Yes
HNF1A	ENSG00000135100.13	Known	Yes	Yes	Yes
HNF4A	ENSG00000101076.12	Known	Yes	Yes	Yes
HSF1	ENSG00000185122.6	Known	Yes	Yes	Yes
IGF2	ENSG00000167244.13	Known	Yes	Yes	Yes
IMP3	ENSG00000177971.7	Known	Yes	Yes	Yes
INS	ENSG00000254647.2	Known	Yes	Yes	Yes
ITGA1	ENSG00000213949.4	Known	Yes	Yes	Yes
ITGA2	ENSG00000164171.6	Known	Yes	Yes	Yes
JMY	ENSG00000152409.8	Known	Yes	Yes	Yes
KCNJ11	ENSG00000187486.5	Known	Yes	Yes	Yes
KDM4B	ENSG00000127663.10	Known	Yes	Yes	Yes
KDM6B	ENSG00000132510.6	Known	Yes	Yes	Yes
KIF11	ENSG00000138160.4	Known	Yes	Yes	Yes
KIF9	ENSG00000088727.8	Known	Yes	Yes	Yes
KIF9-AS1	ENSG00000227398.3	Known	Yes	Yes	Yes
KLHDC10	ENSG00000128607.9	Known	Yes	Yes	Yes
KSR2	ENSG00000171435.9	Known	Yes	Yes	Yes
LCORL	ENSG00000178177.10	Known	Yes	Yes	Yes
LTBP3	ENSG00000168056.10	Known	Yes	Yes	Yes
MAEA	ENSG00000090316.11	Known	Yes	Yes	Yes
MAP2K7	ENSG00000076984.13	Known	Yes	Yes	Yes
MAP3K11	ENSG00000173327.3	Known	Yes	Yes	Yes
MARK3	ENSG00000075413.13	Known	Yes	Yes	Yes
MAU2	ENSG00000129933.16	Known	Yes	Yes	Yes
MEST	ENSG00000106484.10	Known	Yes	Yes	Yes
METTL15	ENSG00000169519.15	Known	Yes	Yes	Yes
MNX1	ENSG00000130675.10	Known	Yes	Yes	Yes
MPDU1	ENSG00000129255.10	Known	Yes	Yes	Yes
MPHOSPH9	ENSG00000051825.10	Known	Yes	Yes	Yes
MRPS30	ENSG00000112996.5	Known	Yes	Yes	Yes
NDUFAF6	ENSG00000156170.8	Known	Yes	Yes	Yes
NUDT3	ENSG00000272325.1	Known	Yes	Yes	Yes
OSER1	ENSG00000132823.6	Known	Yes	Yes	Yes
OSER1-AS1	ENSG00000223891.1	Known	Yes	Yes	Yes
PANX2	ENSG00000073150.9	Known	Yes	Yes	Yes
PCGF3	ENSG00000185619.13	Known	Yes	Yes	Yes
PDE6B	ENSG00000133256.8	Known	Yes	Yes	Yes
PDHX	ENSG00000110435.7	Known	Yes	Yes	Yes
PEAK1	ENSG00000173517.6	Known	Yes	Yes	Yes
PELO	ENSG00000152684.10	Known	Yes	Yes	Yes
PGAM2	ENSG00000164708.5	Known	Yes	Yes	Yes
PHLDA2	ENSG00000181649.5	Known	Yes	Yes	Yes
PITPNM2	ENSG00000090975.8	Known	Yes	Yes	Yes
PKIG	ENSG00000168734.9	Known	Yes	Yes	Yes
PLEKHA1	ENSG00000107679.10	Known	Yes	Yes	Yes
PLEKHF2	ENSG00000175895.3	Known	Yes	Yes	Yes
POLD2	ENSG00000106628.6	Known	Yes	Yes	Yes
POLM	ENSG00000122678.10	Known	Yes	Yes	Yes
PPARG	ENSG00000132170.15	Known	Yes	Yes	Yes
PPP2R2C	ENSG00000074211.9	Known	Yes	Yes	Yes
PRICKLE2	ENSG00000163637.7	Known	Yes	Yes	Yes
PRKRIP1	ENSG00000128563.9	Known	Yes	Yes	Yes
PSMD6	ENSG00000163636.6	Known	Yes	Yes	Yes
PTEN	ENSG00000171862.5	Known	Yes	Yes	Yes
PTGFRN	ENSG00000134247.9	Known	Yes	Yes	Yes
PTPN9	ENSG00000169410.5	Known	Yes	Yes	Yes
PTPRS	ENSG00000105426.10	Known	Yes	Yes	Yes
QSER1	ENSG00000060749.10	Known	Yes	Yes	Yes
RAB1A	ENSG00000138069.12	Known	Yes	Yes	Yes
RABEP2	ENSG00000177548.8	Known	Yes	Yes	Yes
RBL2	ENSG00000103479.10	Known	Yes	Yes	Yes
RBM6	ENSG00000004534.10	Known	Yes	Yes	Yes
RFC5	ENSG00000111445.9	Known	Yes	Yes	Yes
RNF212	ENSG00000178222.8	Known	Yes	Yes	Yes
RNF6	ENSG00000127870.12	Known	Yes	Yes	Yes
RP1-261G23.7	ENSG00000272114.1	Known	Yes	Yes	Yes
RP11-2E11.5	ENSG00000259920.1	Known	Yes	Yes	Yes
RREB1	ENSG00000124782.15	Known	Yes	Yes	Yes
SCYL1	ENSG00000142186.12	Known	Yes	Yes	Yes
SDCCAG3	ENSG00000165689.12	Known	Yes	Yes	Yes
SENP2	ENSG00000163904.8	Known	Yes	Yes	Yes
SETD9	ENSG00000155542.7	Known	Yes	Yes	Yes
SH2B2	ENSG00000160999.8	Known	Yes	Yes	Yes
SIN3A	ENSG00000169375.11	Known	Yes	Yes	Yes
SLC12A8	ENSG00000221955.6	Known	Yes	Yes	Yes
SLC22A18	ENSG00000110628.9	Known	Yes	Yes	Yes
SLC39A8	ENSG00000138821.8	Known	Yes	Yes	Yes
SLC5A1	ENSG00000100170.5	Known	Yes	Yes	Yes
SLC7A7	ENSG00000155465.14	Known	Yes	Yes	Yes
SNAPC4	ENSG00000165684.3	Known	Yes	Yes	Yes
SNF8	ENSG00000159210.5	Known	Yes	Yes	Yes
SPON2	ENSG00000159674.7	Known	Yes	Yes	Yes
SPRED2	ENSG00000198369.5	Known	Yes	Yes	Yes
SRGAP2	ENSG00000163486.8	Known	Yes	Yes	Yes
SSR1	ENSG00000124783.8	Known	Yes	Yes	Yes
STARD10	ENSG00000214530.3	Known	Yes	Yes	Yes
SUGP1	ENSG00000105705.11	Known	Yes	Yes	Yes
TBCE	ENSG00000116957.8	Known	Yes	Yes	Yes
TCEA2	ENSG00000171703.12	Known	Yes	Yes	Yes
TCF4	ENSG00000196628.9	Known	Yes	Yes	Yes
TCF7L2	ENSG00000148737.11	Known	Yes	Yes	Yes
TMED2	ENSG00000086598.6	Known	Yes	Yes	Yes
TMEM175	ENSG00000127419.12	Known	Yes	Yes	Yes
TP53INP1	ENSG00000164938.9	Known	Yes	Yes	Yes
TRA2B	ENSG00000136527.13	Known	Yes	Yes	Yes
TSSC4	ENSG00000184281.10	Known	Yes	Yes	Yes
TTPAL	ENSG00000124120.6	Known	Yes	Yes	Yes
UBE3C	ENSG00000009335.13	Known	Yes	Yes	Yes
USH1C	ENSG00000006611.11	Known	Yes	Yes	Yes
USP3-AS1	ENSG00000259248.1	Known	Yes	Yes	Yes
USP44	ENSG00000136014.7	Known	Yes	Yes	Yes
UVSSA	ENSG00000163945.11	Known	Yes	Yes	Yes
VEGFA	ENSG00000112715.16	Known	Yes	Yes	Yes
VPS37B	ENSG00000139722.2	Known	Yes	Yes	Yes
WFS1	ENSG00000109501.9	Known	Yes	Yes	Yes
WRAP53	ENSG00000141499.12	Known	Yes	Yes	Yes
WSB2	ENSG00000176871.4	Known	Yes	Yes	Yes
ZBED3-AS1	ENSG00000250802.2	Known	Yes	Yes	Yes
ZBTB46	ENSG00000130584.6	Known	Yes	Yes	Yes
ZC3H4	ENSG00000130749.5	Known	Yes	Yes	Yes
ZC3HC1	ENSG00000091732.11	Known	Yes	Yes	Yes
ZFP36L2	ENSG00000152518.5	Known	Yes	Yes	Yes
ZNF34	ENSG00000196378.7	Known	Yes	Yes	Yes
ZNF664	ENSG00000179195.11	Known	Yes	Yes	Yes
ZZEF1	ENSG00000074755.10	Known	Yes	Yes	Yes

